Accuracy,Precision,Recall,F1-Score,AUC-ROC,AUC-PR,MCC,Cohen Kappa,Model,Training Time (s)
0.863583623404608,0.7531692766592095,0.6724367509986684,0.710517059444249,0.9212611684384036,0.8162033761506567,0.6233673831128015,0.6216576351273351,Enhanced GBFT,34.37713170051575
0.8478368970661363,0.7539130434782608,0.5772303595206392,0.6538461538461539,0.9060201053197369,0.7765320306847178,0.5667015662958593,0.5585228310815313,FT-Transformer,66.84223556518555
0.7510359688380573,0.0,0.0,0.0,0.8831496208542365,0.7161822632996306,0.0,0.0,TabNet,22.49323296546936
0.8657384385877673,0.7776886035313002,0.6451398135818908,0.7052401746724891,0.9221746124713874,0.8198974347146387,0.6238183274330217,0.6192860537407388,LightGBM,0.3434112071990967
0.8667329686723023,0.7805466237942122,0.6464713715046605,0.70721048798252,0.9223031103088914,0.820368228666398,0.6265559383929511,0.6219277201967132,XGBoost,0.547886848449707
0.8602685231228244,0.7775905644481887,0.6145139813581891,0.686500557828189,0.9197074392974453,0.8132009029707536,0.6050397950852501,0.5981809733736831,CatBoost,1.0372774600982666
