Accuracy,Precision,Recall,F1-Score,AUC-ROC,AUC-PR,MCC,Cohen Kappa,Model,Training Time (s)
0.9054517306203693,0.6022155085599195,0.5652173913043478,0.5831301803998049,0.9221051285905876,0.6015045007668897,0.5302084715882056,0.5298697160799841,BERT-Enhanced GBFT,60.91638708114624
0.9076633860444543,0.6210640608034745,0.5406427221172023,0.5780697321879738,0.9244624550048354,0.6165245831870384,0.528103744290864,0.5265077181592501,Enhanced GBFT,24.650222301483154
0.9019130819418335,0.6062111801242236,0.4612476370510397,0.5238862050456254,0.9111829481790645,0.5837747457546658,0.4757937139158981,0.4703325052898133,FT-Transformer,73.04770493507385
0.8830034280659074,0.0,0.0,0.0,0.8899085359718661,0.5167258810645388,0.0,0.0,TabNet,20.043393850326538
0.9074422205020458,0.6475300400534045,0.45841209829867674,0.5368013281682347,0.9313977176014099,0.622501191597043,0.4960254002049652,0.48705036122364487,LightGBM,0.5338654518127441
0.9086586309852925,0.6567567567567567,0.45935727788279773,0.5406006674082313,0.932306202674438,0.6240010454105481,0.5013389227642704,0.49164384134072037,XGBoost,0.6375293731689453
0.9074422205020458,0.660844250363901,0.42911153119092627,0.5203438395415473,0.9292753544275478,0.6185222062174828,0.4851641123793803,0.4716731967118196,CatBoost,1.3070123195648193
